Name of Product (English),Net Rate (₹)
"2 1/2"" Kuruvi",10.0
"3 1/2"" Lakshmi",14.0
"4"" Lakshmi",20.0
"4"" Lakshmi Deluxe",28.0
"4"" Lakshmi Mega Deluxe",34.0
Two Sound Crackers,34.0
Gold Lakshmi,40.0
"5"" Kamsan",62.0
"6"" Jallikattu / Lakshmi",72.0
Ground Chakkar Big (10 Pcs),40.0
Ground Chakkar Asoka (10 Pcs),50.0
Ground Chakkar Special (10 Pcs),72.0
Ground Chakkar Deluxe (10 Pcs),144.0
INF Spin Master Mini (10 Pcs),88.0
Sunflower Wheel (5 Pcs),116.0
Whistling Wheel (5 Pcs),122.0
Wire Chakkar (10 Pcs),176.0
Maska Chaska (5 Pcs),166.0
Lotus Wheel (5 Pcs),176.0
Rio Wheel (10 Pcs) (Orange & Purple),242.0
4*4 Wheel (5 Pcs),176.0
Tiddo,132.0
Flower Pot Big (10 Pcs),66.0
Flower Pot Special (10 Pcs),84.0
Flower Pot Asoka (10 Pcs),110.0
Flower Pot Deluxe (5 Pcs),176.0
Flower Pot Super Deluxe (2 Pcs),122.0
Colour Koti (10 Pcs),198.0
Purple Cone,198.0
Gypsy (5 Pcs) / Lucky (5 Pcs),176.0
Scooby Doo Tri Colour Fountain (5 Pcs),198.0
Tri Colour Deluxe (3 Pcs),232.0
Colour Koti Deluxe (10 Pcs),352.0
Pinky Pie (6 Pcs) (Pink Colour),396.0
Jelly Been Super (10 Pcs),474.0
Violet Colour Koti (10 Pcs),770.0
1.5' Twinkling Star,28.0
4' Twinkling Star,66.0
"12"" Silver Torch",78.0
Candy Crush / Jelly Belly Candle,132.0
Selfie Stick (5 Pcs),166.0
Navrang Tri Colour (5 Pcs),176.0
Water Falls / Pop Corn Pencil (5 Pcs),210.0
Rainbow Smoke (3 Pcs),176.0
Bat & Ball,264.0
Try Colour Diamond (5 Pcs),18.0
Magic Pops (10 Pcs),18.0
Kit Kat / Tip Tap (10 Pcs),34.0
Red Bijili Gold (100 Pcs),40.0
Stripped Bijili (100 Pcs),44.0
Bro Bijili (100 Pcs),62.0
"Layz (Red, Green, Silver, Gold, R&G)",40.0
"Kurkur (Red, Green, Silver, Gold, R&G)",62.0
Asrafi Big (5 Pcs),44.0
Asrafi Small (5 Pcs),40.0
Bro (New),100.0
Kurkure (New),100.0
Hungry Colours (New),100.0
Binge Pop,176.0
Mega Siren (3 Pcs),220.0
Photo Flash (5 Pcs),78.0
Kickerzzz,132.0
H2O,144.0
Wanted Gun (5 Pcs),166.0
Dancing Butterfly (10 Pcs),72.0
Tin Beer,94.0
Bambaram (10 Pcs),110.0
Helicopter (5 Pcs),110.0
Peacock Feather (5 Pcs),110.0
Disco Shower (5 Pcs),122.0
Colour Rain (5 Pcs),110.0
Silver Rain (5 Pcs),110.0
Nebula (5 Pcs),132.0
Fire Feather (5 Pcs),132.0
Mini Peacock,110.0
Magical Peacock (5 Face),154.0
Belly Belly Peacock (3 Face),176.0
Bada Peacock (5 Face),462.0
Money In The Bank,66.0
Sound Marriage,66.0
Little Dove,66.0
90 Watts,122.0
Shinchan,94.0
Kickerzzz,132.0
900 CC,132.0
Emu Egg,166.0
Water Queen,176.0
20-20 Fountain,154.0
Pistal 5G,198.0
Pop Corn New,132.0
Popoye (5 Pcs),176.0
Party Canon / Magic Show (2 Pcs),242.0
Power Puff Girls (5 Pcs),176.0
Lemon Tree 2 in 1,154.0
Hybrid 2 in 1 New,198.0
Jungle Series 2 in 1 New,232.0
Motu Patlu 2 in 1,242.0
Mumbo Jumbo 2 in 1,254.0
Mad Angles 3 in 1,276.0
Helo Panda 5 in 1,386.0
Arjun Tank 3 in 1 New,440.0
Water Melon 3 in 1 New,660.0
Sword,276.0
Smiley Mushroom,166.0
Cylinder Bomb,176.0
Purple Cone,220.0
Jolly Bobby Asok Brand,242.0
Car (2 Pcs),276.0
Taka Tak Crackling (3 Pcs),308.0
Vajra - Handshot,1540.0
Hydro Bomb Green (10 Pcs),72.0
King Of King Green (10 Pcs),94.0
Classic Bomb (10 Pcs),122.0
Agni Bomb,188.0
Digital Bomb (10 Pcs),242.0
Joker Bomb - 1/4 kg,56.0
Mega Paper Bomb - 1/2 kg,110.0
Bada Paper Bomb - 1 kg,220.0
Avatar 2,386.0
28 Giant,26.0
56 Giant,58.0
24 Deluxe,66.0
50 Deluxe,110.0
100 Deluxe,220.0
1H Wala,40.0
1k Wala,176.0
2k Wala,352.0
5k Wala,936.0
10k Wala,1980.0
1k Wala Spl,330.0
2k Wala Spl,660.0
5k Wala Spl,1650.0
10k Wala Spl,3300.0
Rocket Bomb,62.0
Colour Rocket,72.0
Lunik Express (10 Pcs),132.0
Whistling Rocket (10 Pcs),198.0
Chotta Fancy (2 Pcs),88.0
Sevenshot (5 Pcs),110.0
Sky Shot (5 Pcs),122.0
Coco Loco (2 Pcs),132.0
Dup Tip (3 Pcs),132.0
Army Force (5 Pcs),132.0
Beast Show (5 Pcs),132.0
Seeti Maar 30 Shot Missiles,198.0
Avengers (5 Pcs),264.0
"2"" Fancy",122.0
"2"" Fancy (3 Pcs)",264.0
"2"" Violet Fancy",264.0
"2"" Pink Fancy",264.0
"2 1/2"" Three Step",242.0
"2 1/2"" Love All (3 Pcs) INF",496.0
"3"" Fancy",242.0
"3 1/2"" Fancy",264.0
"3 1/2"" Fancy Kingfisher",308.0
"3 1/2"" Fancy Sevenstep",308.0
"3 1/2"" Fancy Nayagara Falls",308.0
"3 1/2"" Fancy (2 Pcs)",606.0
"4"" Fancy",374.0
"4"" 12 Step",440.0
"4"" Fancy Double Ball",440.0
"4"" Fancy (2 Pcs)",220.0
"5"" Fancy",606.0
"6"" Fancy",1320.0
Crunch,496.0
Festi,496.0
Rockers / Sprinkles,440.0
Flower Power,606.0
Pop Up (2 Pcs),1046.0
Orange Fancy (2 Pcs),1046.0
Zoom Pink (2 Pcs),1046.0
INF Unique Shells (2 Pcs),1320.0
INF Triple Treat (3 Pcs),1046.0
Sony Oscar Ring Series (2 Pcs),1320.0
12 Shot Raider,122.0
12 Shot Multicolour,242.0
12 Shot Whistling,386.0
25 Shot Colour Volcano,220.0
10 Shot (Green/Red Tail With Multicolour),198.0
15 Shot Multi Colour,286.0
30 Shot Multi Colour,418.0
30 Shot Multi Colour - Special,496.0
50 Shot Multi Colour Full Crackling,792.0
60 Shot Multi Colour - Mini,836.0
60 Shot Multi Colour - Special,946.0
120 Shot Multi Colour - Mini,1672.0
120 Shot Multi Colour - Special,1892.0
240 Shot Multi Colour - Special,3520.0
500 Shot Multi Colour - Special,7150.0
25 Shot Whistling Sound,716.0
Peacock Dance 30 Shots,496.0
Blue Fantasy - 25 Shots,716.0
30 Shots Zomato Full Crackling,606.0
INF Double Delight 2 in 1,826.0
Sony Pixel Shot 5*4,1320.0
"Bharat Ratna 20 Shots (2.5"" Comet)",3080.0
Pala Sola Kii 3*10,3080.0
New 10*10 Light Celebration,3960.0
"Univercell 30 Shots (2"" Comet)",4180.0
INF Colour Rainbow 10*10,4400.0
"INF Pyro Gems 36 Shots (2"" Comet)",550.0
INF Digital Rain 10*7,1980.0
INF OSCAR,8250.0
7 Cm Electric Sparklers,10.0
7 Cm Colour Sparklers,12.0
7 Cm Green Sparklers,14.0
7 Cm Red Sparklers,16.0
10 Cm Electric Sparklers,16.0
10 Cm Colour Sparklers,20.0
10 Cm Green Sparklers,22.0
10 Cm Red Sparklers,24.0
15 Cm Electric Sparklers,42.0
15 Cm Colour Sparklers,46.0
15 Cm Green Sparklers,54.0
15 Cm Red Sparklers,58.0
30 Cm Electric Sparklers,42.0
30 Cm Colour Sparklers,46.0
30 Cm Green Sparklers,54.0
30 Cm Red Sparklers,58.0
50 Cm Electric Sparklers,154.0
50 Cm Colour Sparklers,176.0
50 cm 2 in 1,198.0
Rotating Sparklers,242.0
Pink Sparklers,94.0
Violet Sparklers,94.0
Super Deluxe 10 in 1,84.0
Royal Lamba 10 in 1,182.0
Royal Laptop 10 in 1,260.0
Roll Caps,78.0
Ring Cap,12.0
Snake Serphant Big,40.0
Ring Gun,88.0
Roll Gun,88.0
20 Item Gift Box,440.0
30 Item Gift Box,660.0
40 Item Gift Box,880.0
50 Item Gift Box,1100.0
Kids Pack,3299.0
Family Pack,5499.0
Thala Diwali Pack,7699.0
V.I.P Gold Pack,10999.0
