Product Name,Category,Original Price,Offer Price,Discount Percentage,Global Discount,Sort Order,Status
"2 1/2"" Kuruvi",SINGLE SOUND CRACKERS,40.0,8,,Yes,1,Active
"3 1/2"" Lakshmi",SINGLE SOUND CRACKERS,60.0,12,,Yes,2,Active
"4"" Lakshmi",SINGLE SOUND CRACKERS,85.0,17,,Yes,3,Active
"4"" Lakshmi Deluxe",SINGLE SOUND CRACKERS,125.0,25,,Yes,4,Active
"4"" Lakshmi Mega Deluxe S",SINGLE SOUND CRACKERS,175.0,35,,Yes,5,Active
Two Sound Crackers,SINGLE SOUND CRACKERS,175.0,35,,Yes,6,Active
Gold Lakshmi,SINGLE SOUND CRACKERS,175.0,35,,Yes,7,Active
"5"" Kamsan",SINGLE SOUND CRACKERS,250.0,50,,Yes,8,Active
"6"" Jallikattu / Lakshmi",SINGLE SOUND CRACKERS,300.0,60,,Yes,9,Active
Ground Chakkar Big (10 Pcs),GROUND CHAKKARS,175.0,35,,Yes,10,Active
Ground Chakkar Asoka (10 Pcs),GROUND CHAKKARS,225.0,45,,Yes,11,Active
Ground Chakkar Special (10 Pcs),GROUND CHAKKARS,375.0,75,,Yes,12,Active
Ground Chakkar Deluxe (10 Pcs),GROUND CHAKKARS,700.0,140,,Yes,13,Active
INF Spin Master Mini (10 Pcs),FANCY GROUND CHAKKARS,450.0,90,,Yes,14,Active
Sunflower Wheel (5 Pcs),FANCY GROUND CHAKKARS,550.0,110,,Yes,15,Active
Whistling Wheel (5 Pcs),FANCY GROUND CHAKKARS,600.0,120,,Yes,16,Active
Wire Chakkar (10 Pcs),FANCY GROUND CHAKKARS,800.0,160,,Yes,17,Active
Maska Chaska (5 Pcs),FANCY GROUND CHAKKARS,800.0,160,,Yes,18,Active
Lotus Wheel (5 Pcs),FANCY GROUND CHAKKARS,850.0,170,,Yes,19,Active
Rio Wheel ( 10 Pcs) (Orange & Purple),FANCY GROUND CHAKKARS,1100.0,220,,Yes,20,Active
4*4 Wheel (5Pcs),FANCY GROUND CHAKKARS,800.0,160,,Yes,21,Active
Tiddo,FANCY GROUND CHAKKARS,600.0,120,,Yes,22,Active
Flower Pot Big (10 Pcs),FLOWER POTS,325.0,65,,Yes,23,Active
Flower Pot Special (10 Pcs),FLOWER POTS,400.0,80,,Yes,24,Active
Flower Pot Asoka (10 Pcs),FLOWER POTS,550.0,110,,Yes,25,Active
Flower Pot Deluxe (5 Pcs),FLOWER POTS,800.0,160,,Yes,26,Active
Flower Pot Super Deluxe (2 Pcs),FLOWER POTS,550.0,110,,Yes,27,Active
Colour Koti (10Pcs),FANCY FLOWER POTS,900.0,180,,Yes,28,Active
Gypsy (5Pcs) / Lucky (5 Pcs),FANCY FLOWER POTS,800.0,160,,Yes,29,Active
Nano  Tri Colour Fountain(5 Pcs),FANCY FLOWER POTS,850.0,170,,Yes,30,Active
Madura Malli (3 Pcs),FANCY FLOWER POTS,850.0,170,,Yes,31,Active
Colour Koti Deluxe (10Pcs),FANCY FLOWER POTS,1500.0,300,,Yes,32,Active
Pinky Pie (6 Pcs) (Pink Colour),FANCY FLOWER POTS,1750.0,350,,Yes,33,Active
Jelly Been Super (10Pcs),FANCY FLOWER POTS,500.0,100,,Yes,34,Active
1.5' Twinkling Star,TWINKLING STARS,125.0,25,,Yes,35,Active
4' Twinkling Star,TWINKLING STARS,325.0,65,,Yes,36,Active
"12"" Silver Torch",CANDLES,375.0,75,,Yes,37,Active
Jelly Belly Candle,CANDLES,500.0,100,,Yes,38,Active
Selfie stick (5 Pcs),FANCY CANDLES,750.0,150,,Yes,39,Active
WaterFall (5 Pcs),FANCY CANDLES,1000.0,200,,Yes,40,Active
Pop Corn Pencil (5 Pcs),FANCY CANDLES,1000.0,200,,Yes,41,Active
Rainbow Smoke (3 Pcs),FANCY CANDLES,750.0,150,,Yes,42,Active
Bat,FANCY CANDLES,800.0,160,,Yes,43,Active
Try Colour Diamond (5 Pcs),TOYS & SPRINKLERS,75.0,15,,Yes,44,Active
Magic Pops (10 Pcs),TOYS & SPRINKLERS,75.0,15,,Yes,45,Active
Kit Kat / Tip Tap (10 Pcs),TOYS & SPRINKLERS,150.0,30,,Yes,46,Active
Red Bijili Gold (100 Pcs),BIJILI CRACKERS,175.0,35,,Yes,47,Active
Stripped Bijili (100 Pcs),BIJILI CRACKERS,200.0,40,,Yes,48,Active
Bro Bijili ( 100 Pcs),BIJILI CRACKERS,250.0,50,,Yes,49,Active
"Layz ( Red,Green,Silver,Gold,R&G)",KIDS SPECIAL FANCY FOUNTAINS,150.0,30,,Yes,50,Active
"Kurkure ( Red,Green,Silver,Gold,R&G)",KIDS SPECIAL FANCY FOUNTAINS,300.0,60,,Yes,51,Active
Asrafi Big (5 Pcs),KIDS SPECIAL FANCY FOUNTAINS,200.0,40,,Yes,52,Active
Asrafi Small (5 Pcs),KIDS SPECIAL FANCY FOUNTAINS,150.0,30,,Yes,53,Active
Bro (New),KIDS SPECIAL FANCY FOUNTAINS,500.0,100,,Yes,54,Active
Kurkure (New),KIDS SPECIAL FANCY FOUNTAINS,500.0,100,,Yes,55,Active
Hungry Colours (New),KIDS SPECIAL FANCY FOUNTAINS,500.0,100,,Yes,56,Active
Sing Pop,KIDS SPECIAL FANCY FOUNTAINS,800.0,160,,Yes,57,Active
Mega Siren (3 Pcs),KIDS SPECIAL FANCY FOUNTAINS,1000.0,200,,Yes,58,Active
Photo Flash (5 Pcs),KIDS SPECIAL FANCY FOUNTAINS,350.0,70,,Yes,59,Active
Wanted Gun (5 Pcs),KIDS SPECIAL FANCY FOUNTAINS,800.0,160,,Yes,60,Active
Dancing Butterfly (10 Pcs),KIDS SPECIAL FANCY FOUNTAINS,325.0,65,,Yes,61,Active
Tin Beer,KIDS SPECIAL FANCY FOUNTAINS,400.0,80,,Yes,62,Active
Bambaram (10 Pcs),KIDS SPECIAL FANCY FOUNTAINS,500.0,100,,Yes,63,Active
Helicopter (5 Pcs),KIDS SPECIAL FANCY FOUNTAINS,500.0,100,,Yes,64,Active
Peacock Feather (5 Pcs),SPECIAL FANCY FOUNTAINS (5 Pcs),495.0,99,,Yes,65,Active
Disco Shower (5 Pcs),SPECIAL FANCY FOUNTAINS (5 Pcs),550.0,110,,Yes,66,Active
Colour Rain (5 Pcs),SPECIAL FANCY FOUNTAINS (5 Pcs),550.0,110,,Yes,67,Active
Nebula (5 Pcs),SPECIAL FANCY FOUNTAINS (5 Pcs),600.0,120,,Yes,68,Active
Fire Feather (5 Pcs),SPECIAL FANCY FOUNTAINS (5 Pcs),600.0,120,,Yes,69,Active
Magical Peacock (5 Face),PEACOCK SERIES,650.0,130,,Yes,70,Active
Belly Belly Peacock (3 Face),PEACOCK SERIES,800.0,160,,Yes,71,Active
Bada Peacock (5 Face),PEACOCK SERIES,2000.0,400,,Yes,72,Active
Money In The Bank,SPECIAL KIDS FOUNTAIN,300.0,60,,Yes,73,Active
Little Dove,SPECIAL KIDS FOUNTAIN,325.0,65,,Yes,74,Active
90 Watts,SPECIAL KIDS FOUNTAIN,500.0,100,,Yes,75,Active
Shinchan,SPECIAL KIDS FOUNTAIN,400.0,80,,Yes,76,Active
Fox Star,SPECIAL KIDS FOUNTAIN,600.0,120,,Yes,77,Active
900 CC,SPECIAL KIDS FOUNTAIN,500.0,100,,Yes,78,Active
Emu Egg,SPECIAL KIDS FOUNTAIN,750.0,150,,Yes,79,Active
Rang Lava,SPECIAL KIDS FOUNTAIN,600.0,120,,Yes,80,Active
Water Queen,SPECIAL KIDS FOUNTAIN,800.0,160,,Yes,81,Active
5G Fountain,SPECIAL KIDS FOUNTAIN,600.0,120,,Yes,82,Active
Pistal 5G,SPECIAL KIDS FOUNTAIN,1000.0,200,,Yes,83,Active
Pop Corn ,SPECIAL KIDS FOUNTAIN,550.0,110,,Yes,84,Active
Popoye (5 Pcs) ,SPECIAL KIDS FOUNTAIN,800.0,160,,Yes,85,Active
Dollar (2 Pcs),SPECIAL KIDS FOUNTAIN,1100.0,220,,Yes,86,Active
"Power Puff Girls (Pink,Green,Silver)",SPECIAL KIDS FOUNTAIN,700.0,140,,Yes,87,Active
Hydro Bomb Greeen (10 Pcs),BOMBS,325.0,65,,Yes,88,Active
King Of King Green (10 Pcs),BOMBS,425.0,85,,Yes,89,Active
Classic Bomb (10 Pcs),BOMBS,550.0,110,,Yes,90,Active
Agni Bomb,BOMBS,850.0,170,,Yes,91,Active
Digital Bomb (10 Pcs),BOMBS,1100.0,220,,Yes,92,Active
Joker Bomb- 1/4 kg,PAPER BOMB,250.0,50,,Yes,93,Active
Mega Paper Bomb- 1/2 kg,PAPER BOMB,500.0,100,,Yes,94,Active
Bada Paper Bomb- 1 kg,PAPER BOMB,1000.0,200,,Yes,95,Active
28 Giant ,GARLAND CRACKERS,200.0,40,,Yes,96,Active
56 Giant,GARLAND CRACKERS,250.0,50,,Yes,97,Active
50 Deluxe,GARLAND CRACKERS,500.0,100,,Yes,98,Active
100 Deluxe,GARLAND CRACKERS,1000.0,200,,Yes,99,Active
1k wala,GARLAND CRACKERS,850.0,170,,Yes,100,Active
2k wala,GARLAND CRACKERS,1700.0,340,,Yes,101,Active
5k wala ,GARLAND CRACKERS,4250.0,850,,Yes,102,Active
10k wala,GARLAND CRACKERS,8000.0,1600,,Yes,103,Active
1k wala spl,GARLAND CRACKERS,1500.0,300,,Yes,104,Active
2k wala spl,GARLAND CRACKERS,3000.0,600,,Yes,105,Active
5k wala spl,GARLAND CRACKERS,7500.0,1500,,Yes,106,Active
10k wala spl,GARLAND CRACKERS,14000.0,2800,,Yes,107,Active
Rocket Bomb,ROCKETS,325.0,65,,Yes,108,Active
Colour Rocket,ROCKETS,350.0,70,,Yes,109,Active
Lunik Express (10 Pcs),ROCKETS,600.0,120,,Yes,110,Active
Musical Rocket (5 Pcs),ROCKETS,600.0,120,,Yes,111,Active
Chotta Fancy (2 Pcs),MINI AREIAL FANCY,400.0,80,,Yes,112,Active
Sevenshot (5 Pcs),MINI AREIAL FANCY,375.0,75,,Yes,113,Active
Coco Loco (2 Pcs),MINI AREIAL FANCY,600.0,120,,Yes,114,Active
Dup Tip (3 Pcs),MINI AREIAL FANCY,700.0,140,,Yes,115,Active
"2"" Fancy",NIGHT MEGA AREIAL FANCY,450.0,90,,Yes,116,Active
"2"" Fancy (3 Pcs)",NIGHT MEGA AREIAL FANCY,1200.0,240,,Yes,117,Active
"2"" Blue Fancy",NIGHT MEGA AREIAL FANCY,1200.0,240,,Yes,118,Active
"2"" Violet Fancy",NIGHT MEGA AREIAL FANCY,1200.0,240,,Yes,119,Active
"2"" Pink Fancy",NIGHT MEGA AREIAL FANCY,1200.0,240,,Yes,120,Active
"2 1/2"" Three Step",NIGHT MEGA AREIAL FANCY,850.0,170,,Yes,121,Active
"2 1/2"" Three Step (3 Pcs)",NIGHT MEGA AREIAL FANCY,2250.0,450,,Yes,122,Active
"3 1/2"" Fancy ",NIGHT MEGA AREIAL FANCY,1250.0,250,,Yes,123,Active
"3 1/2"" Fancy Kingfisher",NIGHT MEGA AREIAL FANCY,1500.0,300,,Yes,124,Active
"3 1/2"" Fancy Sevenstep",NIGHT MEGA AREIAL FANCY,1500.0,300,,Yes,125,Active
"3 1/2"" Fancy Nayagara Falls",NIGHT MEGA AREIAL FANCY,1500.0,300,,Yes,126,Active
"3 1/2"" Fancy (2 Pcs)",NIGHT MEGA AREIAL FANCY,2750.0,550,,Yes,127,Active
"4"" Fancy",NIGHT MEGA AREIAL FANCY,1800.0,360,,Yes,128,Active
"4"" Fancy Double Ball",NIGHT MEGA AREIAL FANCY,2000.0,400,,Yes,129,Active
"4"" Fancy (2 Pcs)",NIGHT MEGA AREIAL FANCY,3750.0,750,,Yes,130,Active
"5"" Fancy",NIGHT MEGA AREIAL FANCY,3000.0,600,,Yes,131,Active
"6"" Fancy",NIGHT MEGA AREIAL FANCY,4000.0,800,,Yes,132,Active
Crunch,LOVELY SPECIAL FANCY SERIES (1 Pcs),2250.0,450,,Yes,133,Active
Festi,LOVELY SPECIAL FANCY SERIES (1 Pcs),2250.0,450,,Yes,134,Active
Zumba,LOVELY SPECIAL FANCY SERIES (1 Pcs),2250.0,450,,Yes,135,Active
Flower Power,LOVELY SPECIAL FANCY SERIES (1 Pcs),2750.0,550,,Yes,136,Active
Pop Up (2 Pcs),LOVELY SPECIAL FANCY SERIES (2 Pcs),4750.0,950,,Yes,137,Active
Orange Fancy (2 Pcs),LOVELY SPECIAL FANCY SERIES (2 Pcs),4750.0,950,,Yes,138,Active
Zoom Pink (2 Pcs),LOVELY SPECIAL FANCY SERIES (2 Pcs),4750.0,950,,Yes,139,Active
Sony Oscar Ring Series (2 Pcs),LOVELY SPECIAL FANCY SERIES (2 Pcs),8000.0,1600,,Yes,140,Active
12 Shot Raider,AERIAL REPEATING SHOTS,550.0,110,,Yes,141,Active
12 Shot Multicolour,AERIAL REPEATING SHOTS,1100.0,220,,Yes,142,Active
25 Shot Colour Volcano,AERIAL REPEATING SHOTS,1200.0,240,,Yes,143,Active
10 Shot ( Green/Red Tail With Multicolour),AERIAL REPEATING SHOTS,900.0,180,,Yes,144,Active
15 Shot Multi Colour,FESTIVAL DISPLAY SHOTS,1300.0,260,,Yes,145,Active
30 Shot Multi Colour,FESTIVAL DISPLAY SHOTS,1900.0,380,,Yes,146,Active
30 Shot Multi Colour - Special,FESTIVAL DISPLAY SHOTS,2250.0,450,,Yes,147,Active
50 Shot Multi Colour Full Crackling,FESTIVAL DISPLAY SHOTS,3750.0,750,,Yes,148,Active
60 Shot Multi Colour,FESTIVAL DISPLAY SHOTS,3800.0,760,,Yes,149,Active
60 Shot Multi Colour - Special,FESTIVAL DISPLAY SHOTS,4500.0,900,,Yes,150,Active
120 Shot Multi Colour,FESTIVAL DISPLAY SHOTS,7600.0,1520,,Yes,151,Active
120 Shot Multi Colour - Special,FESTIVAL DISPLAY SHOTS,9000.0,1800,,Yes,152,Active
240 Shot Multi Colour - Special,FESTIVAL DISPLAY SHOTS,16000.0,3200,,Yes,153,Active
25 Shot Whistling Sound,NEW ARRIVAL FANTASTIC AERIAL,3250.0,650,,Yes,154,Active
Peacock Dance - 30 Shots,NEW ARRIVAL FANTASTIC AERIAL,2300.0,460,,Yes,155,Active
Blue Fantasy - 25 Shots,NEW ARRIVAL FANTASTIC AERIAL,2250.0,450,,Yes,156,Active
30 Shots Zomato Full Crackling,NEW ARRIVAL FANTASTIC AERIAL,3000.0,600,,Yes,157,Active
"Bharat Ratna 20 Shots (2.5"" Comet)",FESTIVAL MEGA DISPLAY SHOTS,14000.0,2800,,Yes,158,Active
"Indian Army 30 Shots (2.5"" Comet)",FESTIVAL MEGA DISPLAY SHOTS,12000.0,3400,,Yes,159,Active
New 10*10 Light Celebration,FESTIVAL MEGA DISPLAY SHOTS,18000.0,3600,,Yes,160,Active
"Univercell 30 Shots (2"" Comet)",FESTIVAL MEGA DISPLAY SHOTS,19000.0,3800,,Yes,161,Active
Pyro Gems,FESTIVAL MEGA DISPLAY SHOTS,25000.0,5000,,Yes,162,Active
Digital Rain,FESTIVAL MEGA DISPLAY SHOTS,8500.0,1700,,Yes,163,Active
7 Cm Electric Sparklers,SPARKLERS,40.0,8,,Yes,164,Active
7 Cm Colour Sparklers,SPARKLERS,50.0,10,,Yes,165,Active
7 Cm Green Sparklers,SPARKLERS,60.0,12,,Yes,166,Active
7 Cm Red Sparklers,SPARKLERS,70.0,14,,Yes,167,Active
10 Cm Electric Sparklers,SPARKLERS,70.0,14,,Yes,168,Active
10 Cm Colour Sparklers,SPARKLERS,85.0,17,,Yes,169,Active
10 Cm Green Sparklers,SPARKLERS,100.0,20,,Yes,170,Active
10 Cm Red Sparklers,SPARKLERS,100.0,20,,Yes,171,Active
15 Cm Electric Sparklers,SPARKLERS,150.0,30,,Yes,172,Active
15 Cm Colour Sparklers,SPARKLERS,175.0,35,,Yes,173,Active
15 Cm Green Sparklers,SPARKLERS,200.0,40,,Yes,174,Active
15 Cm Red Sparklers,SPARKLERS,200.0,40,,Yes,175,Active
30 Cm Electric Sparklers,SPARKLERS,150.0,30,,Yes,176,Active
30 Cm Colour Sparklers,SPARKLERS,175.0,35,,Yes,177,Active
30 Cm Green Sparklers,SPARKLERS,200.0,40,,Yes,178,Active
30 Cm Red Sparklers,SPARKLERS,200.0,40,,Yes,179,Active
50 Cm Electric Sparklers,SPARKLERS,700.0,140,,Yes,180,Active
50 Cm Colour Sparklers,SPARKLERS,800.0,160,,Yes,181,Active
Rotating Sparklers,SPARKLERS,1100.0,220,,Yes,182,Active
Pink Sparklers,COLOUR SPARKLERS,400.0,80,,Yes,183,Active
Violet Sparklers,COLOUR SPARKLERS,400.0,80,,Yes,184,Active
Orange Sparklers,COLOUR SPARKLERS,400.0,80,,Yes,185,Active
Sona star,COLOUR SPARKLERS,400.0,80,,Yes,186,Active
Mini Deluxe 10 in 1,COLOUR MATCHES & ROLL CAPS,350.0,70,,Yes,187,Active
Royal Lamba 10 in 1,COLOUR MATCHES & ROLL CAPS,800.0,160,,Yes,188,Active
Royal Laptop 10 in 1,COLOUR MATCHES & ROLL CAPS,1150.0,230,,Yes,189,Active
Roll Caps,COLOUR MATCHES & ROLL CAPS,250.0,50,,Yes,190,Active
Ring Cap,COLOUR MATCHES & ROLL CAPS,50.0,10,,Yes,191,Active
Snake Serphant Big,COLOUR MATCHES & ROLL CAPS,150.0,30,,Yes,192,Active
Ring Gun,COLOUR MATCHES & ROLL CAPS,400.0,80,,Yes,193,Active
Roll Gun,COLOUR MATCHES & ROLL CAPS,400.0,80,,Yes,194,Active
Love Feast - 20 Item,GIFT BOXES,1750.0,350,,Yes,195,Active
Turbo - 30 Item,GIFT BOXES,2750.0,550,,Yes,196,Active
Fun Special - 40 Item,GIFT BOXES,3750.0,750,,Yes,197,Active
Spectra Festive - 50 Item,GIFT BOXES,5500.0,1100,,Yes,198,Active
Kids Pack,FESTIVAL FAMILY PACK SPECIAL,,2999,,No,199,Active
Family Pack,FESTIVAL FAMILY PACK SPECIAL,,4999,,No,200,Active
Thala Diwali Pack,FESTIVAL FAMILY PACK SPECIAL,,6999,,No,201,Active
V.I.P Gold Pck,FESTIVAL FAMILY PACK SPECIAL,,9999,,No,202,Active
