name,sku,category,has_image
Spectra Festive - 50 Item,GB-SF-50,GIFT BOXES,True
Fun Special - 40 Item,GB-FS-40,GIFT BOXES,True
Turbo - 30 Item,GB-TB-30,GIFT BOXES,True
Love Feast - 20 Item,GB-LF-20,GIFT BOXES,True
10 Cm Red Sparklers,VMS-171,SPARKLERS,True
10 Cm Green Sparklers,VMS-170,SPARKLERS,True
10 Cm Colour Sparklers,VMS-169,SPARKLERS,True
10 Cm Electric Sparklers,VMS-168,SPARKLERS,True
7 Cm Red Sparklers,VMS-167,SPARKLERS,True
7 Cm Green Sparklers,VMS-166,SPARKLERS,True
7 Cm Colour Sparklers,VMS-165,SPARKLERS,True
7 Cm Electric Sparklers,VMS-164,SPARKLERS,True
Digital Rain,VMS-163,FESTIVAL MEGA DISPLAY SHOTS,True
Pyro Gems,VMS-162,FESTIVAL MEGA DISPLAY SHOTS,True
"Univercell 30 Shots (2"" Comet)",VMS-161,FESTIVAL MEGA DISPLAY SHOTS,True
New 10*10 Light Celebration,VMS-160,FESTIVAL MEGA DISPLAY SHOTS,True
"Indian Army 30 Shots (2.5"" Comet)",VMS-159,FESTIVAL MEGA DISPLAY SHOTS,True
"Bharat Ratna 20 Shots (2.5"" Comet)",VMS-158,FESTIVAL MEGA DISPLAY SHOTS,True
30 Shots Zomato Full Crackling,VMS-157,NEW ARRIVAL FANTASTIC AERIAL,True
Blue Fantasy - 25 Shots,VMS-156,NEW ARRIVAL FANTASTIC AERIAL,True
Peacock Dance - 30 Shots,VMS-155,NEW ARRIVAL FANTASTIC AERIAL,True
25 Shot Whistling Sound,VMS-154,NEW ARRIVAL FANTASTIC AERIAL,True
240 Shot Multi Colour - Special,VMS-153,FESTIVAL DISPLAY SHOTS,True
120 Shot Multi Colour - Special,VMS-152,FESTIVAL DISPLAY SHOTS,True
120 Shot Multi Colour,VMS-151,FESTIVAL DISPLAY SHOTS,True
60 Shot Multi Colour - Special,VMS-150,FESTIVAL DISPLAY SHOTS,True
60 Shot Multi Colour,VMS-149,FESTIVAL DISPLAY SHOTS,True
50 Shot Multi Colour Full Crackling,VMS-148,FESTIVAL DISPLAY SHOTS,True
30 Shot Multi Colour - Special,VMS-147,FESTIVAL DISPLAY SHOTS,True
30 Shot Multi Colour,VMS-146,FESTIVAL DISPLAY SHOTS,True
15 Shot Multi Colour,VMS-145,FESTIVAL DISPLAY SHOTS,True
10 Shot ( Green/Red Tail With Multicolour),VMS-144,AERIAL REPEATING SHOTS,True
25 Shot Colour Volcano,VMS-143,AERIAL REPEATING SHOTS,True
12 Shot Multicolour,VMS-142,AERIAL REPEATING SHOTS,True
12 Shot Raider,VMS-141,AERIAL REPEATING SHOTS,True
Sony Oscar Ring Series (2 Pcs),VMS-140,LOVELY SPECIAL FANCY SERIES (2 Pcs),True
Zoom Pink (2 Pcs),VMS-139,LOVELY SPECIAL FANCY SERIES (2 Pcs),True
Orange Fancy (2 Pcs),VMS-138,LOVELY SPECIAL FANCY SERIES (2 Pcs),True
Pop Up (2 Pcs),VMS-137,LOVELY SPECIAL FANCY SERIES (2 Pcs),True
Flower Power,VMS-136,LOVELY SPECIAL FANCY SERIES (1 Pcs),True
Zumba,VMS-135,LOVELY SPECIAL FANCY SERIES (1 Pcs),True
Festi,VMS-134,LOVELY SPECIAL FANCY SERIES (1 Pcs),True
Crunch,VMS-133,LOVELY SPECIAL FANCY SERIES (1 Pcs),True
"6"" Fancy",VMS-132,NIGHT MEGA AREIAL FANCY,True
"5"" Fancy",VMS-131,NIGHT MEGA AREIAL FANCY,True
"4"" Fancy (2 Pcs)",VMS-130,NIGHT MEGA AREIAL FANCY,True
"4"" Fancy Double Ball",VMS-129,NIGHT MEGA AREIAL FANCY,True
"4"" Fancy",VMS-128,NIGHT MEGA AREIAL FANCY,True
"3 1/2"" Fancy (2 Pcs)",VMS-127,NIGHT MEGA AREIAL FANCY,True
"3 1/2"" Fancy Nayagara Falls",VMS-126,NIGHT MEGA AREIAL FANCY,True
"3 1/2"" Fancy Sevenstep",VMS-125,NIGHT MEGA AREIAL FANCY,True
"3 1/2"" Fancy Kingfisher",VMS-124,NIGHT MEGA AREIAL FANCY,True
"3 1/2"" Fancy ",VMS-123,NIGHT MEGA AREIAL FANCY,True
"2 1/2"" Three Step (3 Pcs)",VMS-122,NIGHT MEGA AREIAL FANCY,True
"2 1/2"" Three Step",VMS-121,NIGHT MEGA AREIAL FANCY,True
"2"" Pink Fancy",VMS-120,NIGHT MEGA AREIAL FANCY,True
"2"" Violet Fancy",VMS-119,NIGHT MEGA AREIAL FANCY,True
"2"" Blue Fancy",VMS-118,NIGHT MEGA AREIAL FANCY,True
"2"" Fancy (3 Pcs)",VMS-117,NIGHT MEGA AREIAL FANCY,True
"2"" Fancy",VMS-116,NIGHT MEGA AREIAL FANCY,True
Dup Tip (3 Pcs),VMS-115,MINI AREIAL FANCY,True
Coco Loco (2 Pcs),VMS-114,MINI AREIAL FANCY,True
Sevenshot (5 Pcs),VMS-113,MINI AREIAL FANCY,True
Chotta Fancy (2 Pcs),VMS-112,MINI AREIAL FANCY,True
Musical Rocket (5 Pcs),VMS-111,ROCKETS,True
Lunik Express (10 Pcs),VMS-110,ROCKETS,True
Colour Rocket,VMS-109,ROCKETS,True
Rocket Bomb,VMS-108,ROCKETS,True
10k wala spl,VMS-107,GARLAND CRACKERS,True
5k wala spl,VMS-106,GARLAND CRACKERS,True
2k wala spl,VMS-105,GARLAND CRACKERS,True
1k wala spl,VMS-104,GARLAND CRACKERS,True
10k wala,VMS-103,GARLAND CRACKERS,True
5k wala ,VMS-102,GARLAND CRACKERS,True
2k wala,VMS-101,GARLAND CRACKERS,True
1k wala,VMS-100,GARLAND CRACKERS,True
100 Deluxe,VMS-099,GARLAND CRACKERS,True
50 Deluxe,VMS-098,GARLAND CRACKERS,True
56 Giant,VMS-097,GARLAND CRACKERS,True
28 Giant ,VMS-096,GARLAND CRACKERS,True
Bada Paper Bomb- 1 kg,VMS-095,PAPER BOMB,True
Mega Paper Bomb- 1/2 kg,VMS-094,PAPER BOMB,True
Joker Bomb- 1/4 kg,VMS-093,PAPER BOMB,True
Digital Bomb (10 Pcs),VMS-092,BOMBS,True
Agni Bomb,VMS-091,BOMBS,True
Classic Bomb (10 Pcs),VMS-090,BOMBS,True
King Of King Green (10 Pcs),VMS-089,BOMBS,True
Hydro Bomb Greeen (10 Pcs),VMS-088,BOMBS,True
"Power Puff Girls (Pink,Green,Silver)",VMS-087,SPECIAL KIDS FOUNTAIN,True
Dollar (2 Pcs),VMS-086,SPECIAL KIDS FOUNTAIN,True
Popoye (5 Pcs) ,VMS-085,SPECIAL KIDS FOUNTAIN,True
Pop Corn ,VMS-084,SPECIAL KIDS FOUNTAIN,True
Pistal 5G,VMS-083,SPECIAL KIDS FOUNTAIN,True
5G Fountain,VMS-082,SPECIAL KIDS FOUNTAIN,True
Water Queen,VMS-081,SPECIAL KIDS FOUNTAIN,True
Rang Lava,VMS-080,SPECIAL KIDS FOUNTAIN,True
Emu Egg,VMS-079,SPECIAL KIDS FOUNTAIN,True
900 CC,VMS-078,SPECIAL KIDS FOUNTAIN,True
Fox Star,VMS-077,SPECIAL KIDS FOUNTAIN,True
Shinchan,VMS-076,SPECIAL KIDS FOUNTAIN,True
90 Watts,VMS-075,SPECIAL KIDS FOUNTAIN,True
Little Dove,VMS-074,SPECIAL KIDS FOUNTAIN,True
Money In The Bank,VMS-073,SPECIAL KIDS FOUNTAIN,True
Bada Peacock (5 Face),VMS-072,PEACOCK SERIES,True
Belly Belly Peacock (3 Face),VMS-071,PEACOCK SERIES,True
Magical Peacock (5 Face),VMS-070,PEACOCK SERIES,True
Fire Feather (5 Pcs),VMS-069,SPECIAL FANCY FOUNTAINS (5 Pcs),True
Nebula (5 Pcs),VMS-068,SPECIAL FANCY FOUNTAINS (5 Pcs),True
Colour Rain (5 Pcs),VMS-067,SPECIAL FANCY FOUNTAINS (5 Pcs),True
Disco Shower (5 Pcs),VMS-066,SPECIAL FANCY FOUNTAINS (5 Pcs),True
Peacock Feather (5 Pcs),VMS-065,SPECIAL FANCY FOUNTAINS (5 Pcs),True
Helicopter (5 Pcs),VMS-064,KIDS SPECIAL FANCY FOUNTAINS,True
Bambaram (10 Pcs),VMS-063,KIDS SPECIAL FANCY FOUNTAINS,True
Tin Beer,VMS-062,KIDS SPECIAL FANCY FOUNTAINS,True
Dancing Butterfly (10 Pcs),VMS-061,KIDS SPECIAL FANCY FOUNTAINS,True
Wanted Gun (5 Pcs),VMS-060,KIDS SPECIAL FANCY FOUNTAINS,True
Photo Flash (5 Pcs),VMS-059,KIDS SPECIAL FANCY FOUNTAINS,True
Mega Siren (3 Pcs),VMS-058,KIDS SPECIAL FANCY FOUNTAINS,True
Sing Pop,VMS-057,KIDS SPECIAL FANCY FOUNTAINS,True
Hungry Colours (New),VMS-056,KIDS SPECIAL FANCY FOUNTAINS,True
Kurkure (New),VMS-055,KIDS SPECIAL FANCY FOUNTAINS,True
Bro (New),VMS-054,KIDS SPECIAL FANCY FOUNTAINS,True
Asrafi Small (5 Pcs),VMS-053,KIDS SPECIAL FANCY FOUNTAINS,True
Asrafi Big (5 Pcs),VMS-052,KIDS SPECIAL FANCY FOUNTAINS,True
"Kurkure ( Red,Green,Silver,Gold,R&G)",VMS-051,KIDS SPECIAL FANCY FOUNTAINS,True
"Layz ( Red,Green,Silver,Gold,R&G)",VMS-050,KIDS SPECIAL FANCY FOUNTAINS,True
Bro Bijili ( 100 Pcs),VMS-049,BIJILI CRACKERS,True
Stripped Bijili (100 Pcs),VMS-048,BIJILI CRACKERS,True
Red Bijili Gold (100 Pcs),VMS-047,BIJILI CRACKERS,True
Kit Kat / Tip Tap (10 Pcs),VMS-046,TOYS & SPRINKLERS,True
Magic Pops (10 Pcs),VMS-045,TOYS & SPRINKLERS,True
Try Colour Diamond (5 Pcs),VMS-044,TOYS & SPRINKLERS,True
Bat,VMS-043,FANCY CANDLES,True
Rainbow Smoke (3 Pcs),VMS-042,FANCY CANDLES,True
Pop Corn Pencil (5 Pcs),VMS-041,FANCY CANDLES,True
WaterFall (5 Pcs),VMS-040,FANCY CANDLES,True
Selfie stick (5 Pcs),VMS-039,FANCY CANDLES,True
Jelly Belly Candle,VMS-038,CANDLES,True
"12"" Silver Torch",VMS-037,CANDLES,True
4' Twinkling Star,VMS-036,TWINKLING STARS,True
1.5' Twinkling Star,VMS-035,TWINKLING STARS,True
Jelly Been Super (10Pcs),VMS-034,FANCY FLOWER POTS,True
Pinky Pie (6 Pcs) (Pink Colour),VMS-033,FANCY FLOWER POTS,True
Colour Koti Deluxe (10Pcs),VMS-032,FANCY FLOWER POTS,True
Madura Malli (3 Pcs),VMS-031,FANCY FLOWER POTS,True
Nano  Tri Colour Fountain(5 Pcs),VMS-030,FANCY FLOWER POTS,True
Gypsy (5Pcs) / Lucky (5 Pcs),VMS-029,FANCY FLOWER POTS,True
Colour Koti (10Pcs),VMS-028,FANCY FLOWER POTS,True
Flower Pot Super Deluxe (2 Pcs),VMS-027,FLOWER POTS,True
Flower Pot Deluxe (5 Pcs),VMS-026,FLOWER POTS,True
Flower Pot Asoka (10 Pcs),VMS-025,FLOWER POTS,True
Flower Pot Special (10 Pcs),VMS-024,FLOWER POTS,True
Flower Pot Big (10 Pcs),VMS-023,FLOWER POTS,True
Tiddo,VMS-022,FANCY GROUND CHAKKARS,True
4*4 Wheel (5Pcs),VMS-021,FANCY GROUND CHAKKARS,True
Rio Wheel ( 10 Pcs) (Orange & Purple),VMS-020,FANCY GROUND CHAKKARS,True
Lotus Wheel (5 Pcs),VMS-019,FANCY GROUND CHAKKARS,True
Maska Chaska (5 Pcs),VMS-018,FANCY GROUND CHAKKARS,True
Wire Chakkar (10 Pcs),VMS-017,FANCY GROUND CHAKKARS,True
Whistling Wheel (5 Pcs),VMS-016,FANCY GROUND CHAKKARS,True
Sunflower Wheel (5 Pcs),VMS-015,FANCY GROUND CHAKKARS,True
INF Spin Master Mini (10 Pcs),VMS-014,FANCY GROUND CHAKKARS,True
Ground Chakkar Deluxe (10 Pcs),VMS-013,GROUND CHAKKARS,True
Ground Chakkar Special (10 Pcs),VMS-012,GROUND CHAKKARS,True
Ground Chakkar Asoka (10 Pcs),VMS-011,GROUND CHAKKARS,True
Ground Chakkar Big (10 Pcs),VMS-010,GROUND CHAKKARS,True
"6"" Jallikattu / Lakshmi",VMS-009,SINGLE SOUND CRACKERS,True
"5"" Kamsan",VMS-008,SINGLE SOUND CRACKERS,True
Gold Lakshmi,VMS-007,SINGLE SOUND CRACKERS,True
Two Sound Crackers,VMS-006,SINGLE SOUND CRACKERS,True
"4"" Lakshmi Mega Deluxe S",VMS-005,SINGLE SOUND CRACKERS,True
"4"" Lakshmi Deluxe",VMS-004,SINGLE SOUND CRACKERS,True
"4"" Lakshmi",VMS-003,SINGLE SOUND CRACKERS,True
"3 1/2"" Lakshmi",VMS-002,SINGLE SOUND CRACKERS,True
"2 1/2"" Kuruvi",VMS-001,SINGLE SOUND CRACKERS,True
